"K-mer","mean_imp","group"
"AATATTA",0.0325437125249632,"neg_1"
"AGCCAC",0.0319309699825794,"neg_1"
"ACATGG",0.0317923320805306,"neg_1"
"AATAATT",0.0313379705179231,"neg_1"
"AGTGTG",0.0312388744135486,"neg_1"
"ACATGT",0.0312117809581473,"neg_1"
"ATATTTA",0.0309944019668422,"neg_1"
"CTCCAC",0.0308836867244746,"neg_1"
"GACACA",0.0306540830265146,"neg_1"
"CCACTC",0.030387689625321,"neg_1"
"ACAACT",0.0302119637401598,"neg_1"
"ATAAATA",0.0300881195631462,"neg_1"
"CTTTTAA",0.0300761860016217,"neg_1"
"CACCAC",0.0298456053897774,"neg_1"
"AGTCAC",0.0297676467614348,"neg_1"
"ACTATA",0.0291774303085474,"neg_1"
"ACATAT",0.0291274461241548,"neg_1"
"ACTAGT",0.0285930021174487,"neg_1"
"AACTTAA",0.0284600548446482,"neg_1"
"CCATAC",0.028406414563428,"neg_1"
"CTTGTAA",0.0282496594995812,"neg_1"
"CTTAATA",0.0276792829944815,"neg_1"
"ACATGC",0.0276527497284007,"neg_1"
"ACACATA",0.0276526640569245,"neg_1"
"AGTTATA",0.0275684554560797,"neg_1"
"GTTATAA",0.0274022896102083,"neg_1"
"ATCCACA",0.0271279463751383,"neg_1"
"TATATA",0.0271260499797874,"neg_1"
"ACCAACC",0.0269887605000063,"neg_1"
"GTATAC",0.0264710282679239,"neg_1"
"ATGTAAC",0.0264294434184323,"neg_1"
"TACGTA",0.0260468026400631,"neg_1"
"ACATGCA",0.0238717762207821,"neg_1"
"AATACGT",0.0236212928327149,"neg_1"
"AACTTAAT",0.0193824271842641,"neg_1"
"ATATTA",0.0674364637103066,"neg_2"
"ATAAATA",0.0564256343191284,"neg_2"
"ATATTTA",0.0508628416724242,"neg_2"
"ATATATAC",0.0446455542132167,"neg_2"
"AGTATAC",0.0395531686887449,"neg_2"
"ATGTTAA",0.0375232043313174,"neg_2"
"ATACATA",0.0369027967065905,"neg_2"
"AATGGAG",0.0362103306037248,"neg_2"
"CATGCA",0.0355829794668766,"neg_2"
"ACATGT",0.0351312184105631,"neg_2"
"CCAACC",0.0344974450057435,"neg_2"
"AACTCAT",0.034157651444592,"neg_2"
"AATTATA",0.0332841901289503,"neg_2"
"ACTATA",0.0318154410069317,"neg_2"
"ATAGTTA",0.0317653984301644,"neg_2"
"AATAGTA",0.0312299607814628,"neg_2"
"ATGTGG",0.0288977378184344,"neg_2"
"CCTATA",0.0288832476178075,"neg_2"
"ACATGG",0.0284002693706579,"neg_2"
"ACAACT",0.0279102435702474,"neg_2"
"GTTATAA",0.0273849699555967,"neg_2"
"ACTTATA",0.0273685468662491,"neg_2"
"ATTATTG",0.0268864700328066,"neg_2"
"ACCACAC",0.0264025669712776,"neg_2"
"ATATCC",0.0253817764725366,"neg_2"
"CACTCA",0.0250563840402991,"neg_2"
"CACCAC",0.024129567654635,"neg_2"
"ATGTAG",0.0231114626616974,"neg_2"
"CCACTC",0.0221056944806817,"neg_2"
"CATGTC",0.0210567835663351,"neg_2"
"ATATATA",0.0474979968164579,"neg_3"
"ATTATAA",0.0460001786150485,"neg_3"
"ATATTTA",0.0420937763995236,"neg_3"
"ACATATA",0.0406160863080557,"neg_3"
"AGTATA",0.0383827961535006,"neg_3"
"AATATT",0.0374391840791432,"neg_3"
"ACATGT",0.0349390184031789,"neg_3"
"ACAACT",0.034081403820064,"neg_3"
"ACACATA",0.0335014846178331,"neg_3"
"AATATAC",0.0324606611206649,"neg_3"
"ATATGTA",0.0323514656539854,"neg_3"
"ATGTGTG",0.03198341029471,"neg_3"
"CCACTC",0.0317503370006445,"neg_3"
"AAAATTTA",0.0304128522035716,"neg_3"
"ACATGCA",0.0298165964783328,"neg_3"
"AAAGTG",0.0287343140642853,"neg_3"
"ATACTAT",0.0272590246913708,"neg_3"
"ACTTATA",0.0263291986354364,"neg_3"
"CCCCAC",0.0262629820384007,"neg_3"
"ACTCAT",0.0259847490488419,"neg_3"
"AACTAAT",0.0253982420613972,"neg_3"
"ACGTAT",0.0250151839033155,"neg_3"
"ACATGC",0.0248015528566931,"neg_3"
"AATAATGA",0.0241117834669614,"neg_3"
"AATTAAT",0.0235137969367194,"neg_3"
"ACCACTA",0.0235123702125418,"neg_3"
"ACTACC",0.0234144236068014,"neg_3"
"AACCACT",0.0231376686518046,"neg_3"
"ATGTAG",0.0227139577906761,"neg_3"
"ACATGG",0.02257449711997,"neg_3"
"CCACAA",0.0223718703928264,"neg_3"
"CCTATA",0.0219359137037697,"neg_3"
"GAGCCA",0.0215739115520487,"neg_3"
"ACCTAC",0.0180273113014253,"neg_3"
"ATATAT",0.063933380953619,"neg_4"
"AATAATT",0.0617082875052789,"neg_4"
"AATAATGA",0.0505867474171549,"neg_4"
"AATATTA",0.0504213474595854,"neg_4"
"AAATTAT",0.0498657004208695,"neg_4"
"TTATAA",0.0493170825706874,"neg_4"
"ATAAATA",0.0481329178302193,"neg_4"
"ATACGTA",0.0457827479542186,"neg_4"
"AACATAT",0.0456825708632541,"neg_4"
"ACATGT",0.0396022086627202,"neg_4"
"ACATGTG",0.039601694887544,"neg_4"
"ACCACAA",0.0387825731768097,"neg_4"
"AGTTGG",0.0381654413041701,"neg_4"
"AAGTTGT",0.0355116561129309,"neg_4"
"GTATAC",0.0354513998254145,"neg_4"
"AAGTGAC",0.034892732035904,"neg_4"
"ATACTAT",0.0330442853410532,"neg_4"
"GTCCAC",0.0326936962897239,"neg_4"
"ACTCCAT",0.0325598797872425,"neg_4"
"AATTATA",0.0323672695582711,"neg_4"
"AGGTGG",0.0322709024706627,"neg_4"
"ATATATAC",0.030853757328327,"neg_4"
"ACTAGT",0.0266940548784072,"neg_4"
"AGCCAC",0.0261820670603025,"neg_4"
"ACATGCA",0.0258955983056297,"neg_4"
"AACTTTTA",0.0520387479176146,"neg_5"
"AATAATA",0.0452020300914172,"neg_5"
"ATAATAT",0.0433508725883201,"neg_5"
"ACATGT",0.0423921326327882,"neg_5"
"TTATAA",0.0419264878915886,"neg_5"
"ACATATA",0.0386049683195445,"neg_5"
"GTATGA",0.0379029241068927,"neg_5"
"AAATTAT",0.0365256917611531,"neg_5"
"AAGTCAT",0.0348930620031009,"neg_5"
"AGTTATA",0.0340440434283377,"neg_5"
"ATACTAT",0.0333352013269467,"neg_5"
"ATATTATC",0.0317276799367135,"neg_5"
"ACTAGT",0.0286125604336119,"neg_5"
"CTTAATA",0.0284607424515275,"neg_5"
"ATAATAG",0.0276788313992628,"neg_5"
"AAAATTTA",0.0270009659904519,"neg_5"
"ACCAACC",0.0266268840181841,"neg_5"
"ATATATC",0.0264732870469316,"neg_5"
"AAAATTA",0.0264012060015276,"neg_5"
"ATATTAC",0.0261688346635695,"neg_5"
"ATATAGA",0.0257735263239802,"neg_5"
"AGCCACC",0.025180593494728,"neg_5"
"AATTTATA",0.0248271868797916,"neg_5"
"AATTATG",0.0248132505446206,"neg_5"
"ACATGC",0.0233008522107221,"neg_5"
"AGTATAC",0.0228536083133495,"neg_5"
"ATTTATTA",0.0220870929635586,"neg_5"
"CATATG",0.0220715433853783,"neg_5"
"ACACATC",0.0220373310694001,"neg_5"
"ACACATA",0.021477386130076,"neg_5"
"AAGTTGT",0.0193530723440526,"neg_5"
"CCACTC",0.0192361424948436,"neg_5"
"AATGTAA",0.0190331227374809,"neg_5"
"AGCCAC",0.0185881370985331,"neg_5"
"AATTATA",0.0546985760581553,"neg_6"
"ATAAATA",0.0514343994842866,"neg_6"
"AAATTAAA",0.0428352754539565,"neg_6"
"AGCCACC",0.0424047777393085,"neg_6"
"ACAACT",0.0412551890446477,"neg_6"
"ACATGT",0.0396745128301403,"neg_6"
"CATGTC",0.0387532043339989,"neg_6"
"AATATATA",0.0387017461377719,"neg_6"
"AACTAAT",0.0384556864875656,"neg_6"
"ATATGTA",0.038321438459577,"neg_6"
"ATAATTA",0.038186363254816,"neg_6"
"ATTATTAA",0.0375782668565883,"neg_6"
"ACACATA",0.0355494455137069,"neg_6"
"ACTCATA",0.0354648097594099,"neg_6"
"ATATACA",0.0327867981891689,"neg_6"
"ACATGC",0.0327159354114297,"neg_6"
"ACCTAC",0.0326598470186162,"neg_6"
"ACTTATA",0.0324881869028142,"neg_6"
"AGCCAC",0.0322326636655369,"neg_6"
"ACATATG",0.0319847598699013,"neg_6"
"ATCATAC",0.0318331658165633,"neg_6"
"ACCACTA",0.0308055871244942,"neg_6"
"AATAATAT",0.0277467746813017,"neg_6"
"AGTTATA",0.026346781822026,"neg_6"
"CTCATAA",0.0259948509949849,"neg_6"
"ATAACTA",0.0252298709050344,"neg_6"
"ACTACC",0.0226203814403647,"neg_6"
"CTAGTA",0.0207950851764619,"neg_6"
"ACTAGT",0.0204456195673721,"neg_6"
"CTATATA",0.049782783757898,"neg_7"
"AATAATT",0.0432285483860171,"neg_7"
"GTCCAC",0.0422219991036279,"neg_7"
"AATTATA",0.0421531056402761,"neg_7"
"AAGTCA",0.0406001662105999,"neg_7"
"AATAATGA",0.0396377525640207,"neg_7"
"ATATAAA",0.0388179929230773,"neg_7"
"AATATTA",0.0382842705835206,"neg_7"
"ATATTTA",0.0381868581309614,"neg_7"
"AACTAAT",0.0364646426646605,"neg_7"
"GTATAC",0.0342199179539561,"neg_7"
"ACAACT",0.0340618894626527,"neg_7"
"ATACCA",0.0338828861945716,"neg_7"
"CATGTA",0.0325260963370558,"neg_7"
"AATACGT",0.0314407848390863,"neg_7"
"ACTAGT",0.0285431304223034,"neg_7"
"ACTTATA",0.0280765142833943,"neg_7"
"AAGTCAT",0.0273341835252415,"neg_7"
"ACATGG",0.0271683153812006,"neg_7"
"ACATGCA",0.0266312328237289,"neg_7"
"CTTAATA",0.0261201498553659,"neg_7"
"ACTATTA",0.0260473573453533,"neg_7"
"CACATC",0.0254362488060083,"neg_7"
"AGCCAC",0.0249168687773152,"neg_7"
"ACATGC",0.0245343671744702,"neg_7"
"ATACAAT",0.0240542397752224,"neg_7"
"AAATAATA",0.0239693505131388,"neg_7"
"CCAACC",0.0237356770605431,"neg_7"
"CATCCA",0.0228928675764643,"neg_7"
"CCCCAC",0.0228252819895131,"neg_7"
"ACCTAC",0.0214156170797578,"neg_7"
"ATGTGG",0.0207889028589969,"neg_7"
"AATAATT",0.0512994503700692,"neg_8"
"ACTAGT",0.0507214132710852,"neg_8"
"ATATTAA",0.0437900609611426,"neg_8"
"ATATTTA",0.0389264561681768,"neg_8"
"ATAGTA",0.0388325366686471,"neg_8"
"ATTTATA",0.0361207731203027,"neg_8"
"ACATGC",0.0347587947199205,"neg_8"
"CCACTC",0.0309842118586327,"neg_8"
"ACAACT",0.0305683766438175,"neg_8"
"ATACTAT",0.029681951322342,"neg_8"
"AATATGT",0.02913811173903,"neg_8"
"AACTAAT",0.0289447939954057,"neg_8"
"ATATATGG",0.0286334746288062,"neg_8"
"ATCATAC",0.0283806809839275,"neg_8"
"ACACATA",0.02796868300604,"neg_8"
"AACTTAT",0.02791607736491,"neg_8"
"AGTTGG",0.0278731337035115,"neg_8"
"ATATATAC",0.0276398853856229,"neg_8"
"ACACGT",0.0268068422557832,"neg_8"
"ACATATG",0.026690370360325,"neg_8"
"GAGTGA",0.0261294132451064,"neg_8"
"AACTAAA",0.0260837234164839,"neg_8"
"GCCAAC",0.0258339872378164,"neg_8"
"AGGTTAT",0.0257394476023038,"neg_8"
"ACGTAC",0.0251254731561069,"neg_8"
"CCACAC",0.0250594768039286,"neg_8"
"TACGTA",0.0249441293599008,"neg_8"
"AATAATG",0.0242265603887708,"neg_8"
"ACCACAA",0.022894989761686,"neg_8"
"AATAATGA",0.0226651559792053,"neg_8"
"ACATGTC",0.022653070796889,"neg_8"
"GTGGGA",0.0218645032082474,"neg_8"
"CCAACC",0.0207117351482807,"neg_8"
"CACGTA",0.0203922553677758,"neg_8"
"CTTGCA",0.0374461853884377,"neg_9"
"AAGTGT",0.0372792500919905,"neg_9"
"ACATGC",0.0363632734744471,"neg_9"
"AACTAAT",0.0359066121215686,"neg_9"
"AGCCAC",0.0356803280682156,"neg_9"
"AGTATAT",0.0353832677777225,"neg_9"
"ATTTATA",0.0349314338318011,"neg_9"
"ATAATTA",0.0347130552954242,"neg_9"
"TTATAA",0.034642846259312,"neg_9"
"AAGACAT",0.0346295495359948,"neg_9"
"ACGTAT",0.0344373374325536,"neg_9"
"AAATAATT",0.0344226671781106,"neg_9"
"AAGTTGT",0.0343074898610504,"neg_9"
"CACCTC",0.0342744173557379,"neg_9"
"ATAACTA",0.0341360362967195,"neg_9"
"CACTCC",0.0340902299016201,"neg_9"
"ATATATA",0.0339419898539512,"neg_9"
"GTCCAC",0.0338307836309141,"neg_9"
"AAAAAATAA",0.033447657768772,"neg_9"
"AGTTATA",0.0332837233138863,"neg_9"
"ATTTTTA",0.0331217815661281,"neg_9"
"ATTATTTA",0.0324850621162306,"neg_9"
"CGTCCA",0.0320619507695262,"neg_9"
"AAAATATC",0.0318231276286391,"neg_9"
"GTATAC",0.0317447522111904,"neg_9"
"ACCACA",0.0311879326282677,"neg_9"
"ACTAGT",0.0308347385893098,"neg_9"
"ACCACAA",0.0295522915450152,"neg_9"
"ACCACAC",0.0252135365373562,"neg_9"
"ACTAGTA",0.0248266919701067,"neg_9"
"ACATAT",0.0509897748848503,"neg_10"
"ATTTATA",0.0449820431637515,"neg_10"
"ACTAGT",0.0439537863213732,"neg_10"
"ATAACC",0.0430378662788384,"neg_10"
"GCCACC",0.0427724957363176,"neg_10"
"AAGTCA",0.0416833000008244,"neg_10"
"AATTATA",0.0411497088537461,"neg_10"
"AAGTGT",0.0410809436734785,"neg_10"
"ACCTAC",0.0404629150688841,"neg_10"
"AATAATT",0.0397065397966676,"neg_10"
"CCACTC",0.0393827554946534,"neg_10"
"AGCCAC",0.0371155713494382,"neg_10"
"ACATGTC",0.0370460254653642,"neg_10"
"ATACCA",0.0362565713034535,"neg_10"
"AGTTATA",0.0361682589091307,"neg_10"
"ATATACG",0.0358470669906874,"neg_10"
"ACTACC",0.0353992072025083,"neg_10"
"ATAACTA",0.0353254960386843,"neg_10"
"ATATATA",0.0345979385763384,"neg_10"
"CCCCAC",0.0337640085712001,"neg_10"
"CTTAATA",0.0327437557607921,"neg_10"
"ACCGTC",0.0314224522940967,"neg_10"
"ATGTGG",0.030845291190132,"neg_10"
"ACTCATC",0.0290016395117375,"neg_10"
"ACATGC",0.0285436317580001,"neg_10"
"ACGTAT",0.0284337703340529,"neg_10"
"ACATGT",0.0282871854709986,"neg_10"
